<?xml version="1.0" encoding="UTF-8"?>
<!DOCTYPE mapper PUBLIC "-//mybatis.org//DTD Mapper 3.0//EN" "http://mybatis.org/dtd/mybatis-3-mapper.dtd">
<mapper namespace="com.bitc.team2.mapper.UserMapper">
	<!--로그인 아이디 비밀번호 확인, count==1이면 로그인됨-->
	<select id="loginCheck" parameterType="map" resultType="int">
	<![CDATA[ 
		select
			COUNT(*) AS cnt
		from
			user
		where
			user_id=#{userId}
			AND
			user_pw =#{userPw}
	]]>
	</select >
	<!--회원가입-->
	<insert id="userJoin" parameterType="com.bitc.team2.dto.UserDto">
	<![CDATA[ 
		insert into user
			(user_id,user_pw, user_name, user_addr, user_phone,user_addr_detail)
		values
		(#{userId},#{userPw},#{userName},#{userAddr},#{userPhone},#{userAddrDetail})
	]]>
	</insert>
	<!--session.userId와 같은 유저를 고르기 위해 모든 회원정보 가져옴-->
	<select id="selectUserList" resultType="com.bitc.team2.dto.UserDto">
		<![CDATA[ 
			SELECT 
			*
			FROM 
		user 
	]]>
	</select>
	<!--회원정보-->
	<select id="selectUserDetail" resultType="com.bitc.team2.dto.UserDto">
		<![CDATA[ 
			SELECT 
					*
			FROM 
		user 
		Where 
		 seq = #{seq}
	]]>
	</select>
	<!--회원정보 수정 updateUser-->
	<update id="updateUser" parameterType="com.bitc.team2.dto.UserDto">
		<![CDATA[ 
  			UPDATE 
  			 	user
		 	SET 
		 		user_id =#{userId}, user_pw= #{userPw}, user_name= #{userName}, user_phone= #{userPhone}, user_addr= #{userAddr}
		 		, user_addr_detail=#{userAddrDetail}
			WHERE 
				seq = #{seq};
		]]>
	</update>
	<!--회원 탈퇴-->
	<delete id="userDelete" parameterType="int">
		<![CDATA[ 
			DELETE FROM
				user 
			WHERE 
				seq=#{seq}
		]]>
	</delete>
</mapper >
