<?xml version="1.0" encoding="UTF-8"?>
<!DOCTYPE mapper PUBLIC "-//mybatis.org//DTD Mapper 3.0//EN" "http://mybatis.org/dtd/mybatis-3-mapper.dtd">

<mapper namespace="com.bitc.team2.mapper.BoardMapper">
	<select id="selectBoardList" resultType="com.bitc.team2.dto.BoardDto">
		<![CDATA[ 
			select 
				seq, board_title, board_content
			from 
				notice_board
			where 
				deleted_yn ='N'
			order by 
				seq DESC;
		]]>
	</select>
	<insert id="insertBoard" parameterType="com.bitc.team2.dto.BoardDto">
		<![CDATA[ 
			insert into notice_board
				(board_title, board_content)
			VALUES
				(#{boardTitle},#{boardContent})
		]]>
	</insert>
	<select id="selectBoardDetail" parameterType="int" resultType="com.bitc.team2.dto.BoardDto">
		<![CDATA[
			SELECT
				seq, board_title, board_content
			FROM
				notice_board
			WHERE
				seq = #{seq}
		]]>
	</select>
	<update id="deleteBoard" parameterType="int">
		<![CDATA[ 
			update
				notice_board
			set
				deleted_yn = 'Y'
			where
				seq = #{seq}
		]]>
	</update>
	<update id="updateBoard" parameterType="com.bitc.team2.dto.BoardDto">
		<![CDATA[ 
			update
				notice_board
			set
				board_title = #{boardTitle}, board_content = #{boardContent}
			where 
				seq = #{seq}
			AND
				deleted_yn = 'N'
				
		]]>
	</update>
	
</mapper>